pdf_sayfa,basılı_folyo,tür,gösterim_sayısı,en_küçük_punto,provada_okundu (E/H),not
36,36,matematik üst/alt simgesi,5,4.58,,
46,46,"Type 3 yedek glif (alt/üst simge, sembol)",1,3.61,,
67,67,"Type 3 yedek glif (alt/üst simge, sembol)",3,5.79,,
74,74,"Type 3 yedek glif (alt/üst simge, sembol)",2,5.00,,
76,76,"Type 3 yedek glif (alt/üst simge, sembol)",3,5.00,,
79,79,"Type 3 yedek glif (alt/üst simge, sembol)",2,5.00,,
90,90,"Type 3 yedek glif (alt/üst simge, sembol)",1,4.63,,
90,90,matematik üst/alt simgesi,3,4.79,,
93,93,matematik üst/alt simgesi,6,4.56,,
98,98,matematik üst/alt simgesi,1,4.64,,
105,105,"Type 3 yedek glif (alt/üst simge, sembol)",8,5.00,,
106,106,"Type 3 yedek glif (alt/üst simge, sembol)",1,5.00,,
107,107,"Type 3 yedek glif (alt/üst simge, sembol)",4,5.00,,
108,108,matematik üst/alt simgesi,38,4.59,,
109,109,"Type 3 yedek glif (alt/üst simge, sembol)",15,5.00,,
124,124,matematik üst/alt simgesi,4,4.58,,
130,130,"Type 3 yedek glif (alt/üst simge, sembol)",2,5.00,,
135,135,"Type 3 yedek glif (alt/üst simge, sembol)",2,5.00,,
139,139,"Type 3 yedek glif (alt/üst simge, sembol)",3,5.00,,
143,143,"Type 3 yedek glif (alt/üst simge, sembol)",15,5.00,,
188,188,"Type 3 yedek glif (alt/üst simge, sembol)",1,4.39,,
188,188,matematik üst/alt simgesi,6,4.58,,
189,189,"Type 3 yedek glif (alt/üst simge, sembol)",1,4.39,,
224,224,matematik üst/alt simgesi,1,4.58,,
243,243,"Type 3 yedek glif (alt/üst simge, sembol)",3,5.00,,
266,266,"Type 3 yedek glif (alt/üst simge, sembol)",4,5.00,,
